{"cameraMode":{"drawMode":0,"name":"Shaded","section":"Shading Mode"},"sceneLighting":false,"audioPlay":false,"sceneViewState":{"showFog":true,"showMaterialUpdate":true,"showSkybox":true,"showFlares":true,"showImageEffects":true,"showParticleSystems":true},"in2DMode":false,"pivot":{"x":109.3924789428711,"y":270.9769287109375,"z":0.0},"rotation":{"x":0.022490790113806726,"y":0.025490790605545045,"z":-0.0005736395833082497,"w":0.9994220733642578},"size":217.62966918945313,"orthographic":false}