{"cameraMode":{"drawMode":0,"name":"Shaded","section":"Shading Mode"},"sceneLighting":false,"audioPlay":false,"sceneViewState":{"showFog":true,"showMaterialUpdate":true,"showSkybox":true,"showFlares":true,"showImageEffects":true,"showParticleSystems":true},"in2DMode":false,"pivot":{"x":243.2630157470703,"y":0.5065969228744507,"z":-108.19625091552735},"rotation":{"x":0.08382818102836609,"y":-0.04184079170227051,"z":0.003515520365908742,"w":0.9956048727035523},"size":563.4407958984375,"orthographic":true}