{"cameraMode":{"drawMode":0,"name":"Shaded","section":"Shading Mode"},"sceneLighting":true,"audioPlay":false,"sceneViewState":{"showFog":true,"showMaterialUpdate":false,"showSkybox":true,"showFlares":true,"showImageEffects":true,"showParticleSystems":true},"in2DMode":false,"pivot":{"x":-3.99515438079834,"y":-4.055563926696777,"z":-15.118097305297852},"rotation":{"x":0.13274963200092317,"y":-0.641207754611969,"z":0.11389432847499848,"w":0.747209906578064},"size":9.58929443359375,"orthographic":false}