{"cameraMode":{"drawMode":0,"name":"Shaded","section":"Shading Mode"},"sceneLighting":true,"audioPlay":false,"sceneViewState":{"showFog":true,"showMaterialUpdate":false,"showSkybox":true,"showFlares":true,"showImageEffects":true,"showParticleSystems":true},"in2DMode":false,"pivot":{"x":-4.073639869689941,"y":-0.6890850067138672,"z":-13.03476619720459},"rotation":{"x":0.286010205745697,"y":-0.6405259370803833,"z":0.2793884873390198,"w":0.655692994594574},"size":11.612482070922852,"orthographic":false}