{"cameraMode":{"drawMode":0,"name":"Shaded","section":"Shading Mode"},"sceneLighting":false,"audioPlay":false,"sceneViewState":{"showFog":true,"showMaterialUpdate":true,"showSkybox":true,"showFlares":true,"showImageEffects":true,"showParticleSystems":true},"in2DMode":false,"pivot":{"x":8.947805404663086,"y":3.427095890045166,"z":-7.285621166229248},"rotation":{"x":-0.1439053863286972,"y":0.7806673645973206,"z":-0.19502727687358857,"w":-0.5760390758514404},"size":10.27855110168457,"orthographic":false}