{"cameraMode":{"drawMode":0,"name":"Shaded","section":"Shading Mode"},"sceneLighting":false,"audioPlay":false,"sceneViewState":{"showFog":true,"showMaterialUpdate":true,"showSkybox":true,"showFlares":true,"showImageEffects":true,"showParticleSystems":true},"in2DMode":false,"pivot":{"x":-0.029079128056764604,"y":49.830867767333987,"z":4.127713203430176},"rotation":{"x":0.7228358387947083,"y":-0.0010365326888859273,"z":0.0010842495830729604,"w":0.69101881980896},"size":-23.625286102294923,"orthographic":false}